Fecha_Consulta,Hora_Consulta,Tasa_USD,Tasa_EUR,Tasa_USDT_Promedio,Fuente
2026-09-13,17:36:41,832.4883,968.0673,959.9300,alcambio.app
2026-09-14,13:57:00,832.4883,968.0673,959.6800,alcambio.app
2026-09-14,16:30:07,842.2067,977.8778,953.3600,alcambio.app
2026-09-15,09:30:05,842.2067,977.8778,947.8200,alcambio.app
2026-09-15,16:30:06,842.2067,977.8778,959.0250,alcambio.app
2026-09-16,09:30:06,846.5131,977.1809,956.8050,alcambio.app
2026-09-16,16:30:06,846.5131,977.1809,958.2850,alcambio.app
2026-09-17,09:30:06,847.4442,977.6794,948.8450,alcambio.app
2026-09-17,16:30:05,847.4442,977.6794,953.4300,alcambio.app
2026-09-18,09:30:06,848.5458,974.4191,947.8000,alcambio.app
2026-09-18,16:30:06,848.5458,974.4191,949.7450,alcambio.app
2026-09-21,09:30:06,849.5640,974.0931,945.7000,alcambio.app
2026-09-21,16:30:06,849.5640,974.0931,954.0100,alcambio.app
2026-09-22,09:30:05,852.4168,978.1739,956.6050,alcambio.app
2026-09-22,16:30:05,852.4168,978.1739,962.9100,alcambio.app
2026-09-23,09:39:29,853.4993,976.5483,964.9350,alcambio.app
2026-09-23,16:30:06,853.4993,976.5483,966.0400,alcambio.app
2026-09-24,09:30:05,854.4637,974.0630,965.2200,alcambio.app
2026-09-24,16:30:11,855.6625,972.6487,966.7400,alcambio.app
2026-09-25,09:30:06,855.6625,972.6487,969.9800,alcambio.app
2026-09-25,16:30:05,855.6625,972.6487,965.2100,alcambio.app
2026-09-28,09:30:06,857.0058,976.9009,966.2350,alcambio.app
2026-09-28,16:30:05,857.0058,976.9009,965.3350,alcambio.app
2026-09-29,09:30:05,857.8876,974.7147,958.3600,alcambio.app
2026-09-30,09:30:07,859.0629,973.3097,958.6650,alcambio.app
2026-09-30,16:30:06,859.0629,973.3097,954.8100,alcambio.app
2026-10-01,09:30:05,860.1753,976.8409,955.4100,alcambio.app
2026-10-01,16:30:06,860.1753,976.8409,959.5500,alcambio.app
2026-10-02,09:30:06,866.5612,973.9281,961.1650,alcambio.app
2026-10-02,16:30:06,866.5612,973.9281,971.5750,alcambio.app
2026-10-03,09:30:01,866.5612,973.9281,975.2950,alcambio.app
2026-10-03,17:12:18,866.5612,973.9281,976.7100,alcambio.app
2026-10-04,16:30:02,866.5612,973.9281,973.9350,alcambio.app
2026-10-05,09:30:06,871.3689,981.1788,975.2450,alcambio.app
2026-10-06,09:30:06,872.3927,977.2194,988.3200,alcambio.app
2026-10-06,16:30:05,872.3927,977.2194,993.9900,alcambio.app
2026-10-07,09:30:05,873.8670,984.2626,997.3500,alcambio.app
